{"base_files_url": "https://raw.githubusercontent.com/RetroDriven/MiSTerWallpapers-DB/d42cfe1f9844583420f3e3b99bbfd3cc8c49b54c/", "db_files": ["db.json.zip"], "db_id": "RetroDriven/MiSTerWallpapers-DB", "db_url": "https://raw.githubusercontent.com/RetroDriven/MiSTerWallpapers-DB/db/db.json.zip", "default_options": {}, "files": {"Wallpapers/MiSTer AMIGA.jpg": {"hash": "d4f2cd64f557093c6f81793a5678be10", "size": 1197492, "tags": [19]}, "Wallpapers/MiSTer AVP Arcade.jpg": {"hash": "2fc9af9724c67641d31b6f272b880f90", "size": 2139174, "tags": [19]}}, "folders": {"Wallpapers": {"tags": [19]}}, "latest_zip_url": "", "tag_dictionary": {"wallpapers": 19}, "timestamp": 1663137186, "zips": {}}